"statistikkvariabel"	"region"	"2018 00-99 Alle næringer"	"2018 01-03 Jordbruk, skogbruk og fiske"	"2018 05-09 Bergverksdrift og utvinning"	"2018 10-33 Industri"	"2018 35-39 Elektrisitet, vann og renovasjon"	"2018 41-43 Bygge- og anleggsvirksomhet"	"2018 45-47 Varehandel, reparasjon av motorvogner"	"2018 49-53 Transport og lagring"	"2018 55-56 Overnattings- og serveringsvirksomhet"	"2018 58-63 Informasjon og kommunikasjon"	"2018 64-66 Finansiering og forsikring"	"2018 68-75 Teknisk tjenesteyting, eiendomsdrift"	"2018 77-82 Forretningsmessig tjenesteyting"	"2018 84 Off.adm., forsvar, sosialforsikring"	"2018 85 Undervisning"	"2018 86-88 Helse- og sosialtjenester"	"2018 90-99 Personlig tjenesteyting"	"2018 00 Uoppgitt"
"Lønnstaker etter bosted"	"0101 Halden"	13024	73	50	2295	81	1074	1449	555	401	370	108	632	506	851	1377	2865	337	0
"Lønnstaker etter bosted"	"0104 Moss"	14084	48	49	988	193	997	2453	704	494	538	221	820	776	1061	1159	3047	533	3
"Lønnstaker etter bosted"	"0105 Sarpsborg"	23956	98	71	2961	295	2505	3691	1076	724	529	270	1076	1188	1325	1784	5562	794	7
"Lønnstaker etter bosted"	"0106 Fredrikstad"	35859	93	101	3655	425	3295	5275	1493	1148	901	438	1939	1848	2097	3005	9014	1116	16
"Lønnstaker etter bosted"	"0111 Hvaler"	1888	6	12	162	26	201	265	90	47	49	18	93	85	151	168	465	50	0
"Lønnstaker etter bosted"	"0118 Aremark"	563	18	3	110	6	56	52	35	11	10	6	16	18	38	54	119	11	0
"Lønnstaker etter bosted"	"0119 Marker"	1477	24	3	154	17	157	254	99	20	20	20	71	63	106	127	297	45	0
"Lønnstaker etter bosted"	"0121 Rømskog"	306	10	3	31	6	28	40	25	0	3	5	13	17	16	30	64	15	0
"Lønnstaker etter bosted"	"0122 Trøgstad"	2372	48	12	254	21	349	405	120	33	41	23	79	118	158	178	458	72	3
"Lønnstaker etter bosted"	"0123 Spydeberg"	2729	14	12	163	35	323	562	149	59	87	50	122	160	173	181	547	92	0
"Lønnstaker etter bosted"	"0124 Askim"	6843	38	18	570	86	727	1393	349	185	163	110	272	449	419	531	1309	221	3
"Lønnstaker etter bosted"	"0125 Eidsberg"	4906	72	23	626	57	591	864	243	97	67	64	194	249	265	401	914	179	0
"Lønnstaker etter bosted"	"0127 Skiptvet"	1740	18	10	127	26	337	290	84	19	27	14	69	74	94	129	360	62	0
"Lønnstaker etter bosted"	"0128 Rakkestad"	3524	76	7	525	36	403	542	209	56	32	30	113	117	179	261	731	207	0
"Lønnstaker etter bosted"	"0135 Råde"	3399	33	17	324	44	416	577	187	72	89	28	162	154	211	249	759	77	0
"Lønnstaker etter bosted"	"0136 Rygge"	7342	63	21	484	91	581	1461	369	201	193	101	373	356	699	563	1551	235	0
"Lønnstaker etter bosted"	"0137 Våler (Østfold)"	2673	28	9	186	55	351	550	152	49	63	26	101	143	141	177	569	73	0
"Lønnstaker etter bosted"	"0138 Hobøl"	2778	29	8	147	31	318	523	172	69	71	46	143	172	156	186	589	115	3
"Lønnstaker etter bosted"	"0211 Vestby"	8313	26	32	301	61	690	1803	491	280	379	166	577	427	598	703	1520	255	4
"Lønnstaker etter bosted"	"0213 Ski"	14834	34	45	547	140	1180	2900	735	424	824	443	1019	846	1239	1194	2695	565	4
"Lønnstaker etter bosted"	"0214 Ås"	9768	72	31	357	94	760	1703	382	307	453	169	856	563	721	1293	1601	406	0
"Lønnstaker etter bosted"	"0215 Frogn"	7384	41	32	278	60	545	1442	312	207	394	204	614	305	670	651	1293	330	6
"Lønnstaker etter bosted"	"0216 Nesodden"	9085	47	62	200	122	562	1087	336	252	658	284	712	383	904	1004	1925	541	6
"Lønnstaker etter bosted"	"0217 Oppegård"	13056	6	65	463	88	769	2130	602	395	1030	662	1108	704	1334	954	2083	660	3
"Lønnstaker etter bosted"	"0219 Bærum"	60889	104	1225	2191	723	3400	8308	2106	1633	5143	2867	7193	3388	4826	4249	10774	2728	31
"Lønnstaker etter bosted"	"0220 Asker"	29142	83	535	1425	284	1711	4186	1104	852	2199	973	3086	1612	2151	2126	5495	1305	15
"Lønnstaker etter bosted"	"0221 Aurskog-Høland"	7613	60	26	652	132	864	1436	558	150	130	111	308	443	408	556	1543	233	3
"Lønnstaker etter bosted"	"0226 Sørum"	9035	45	26	444	152	914	1637	624	244	378	191	529	612	733	604	1618	284	0
"Lønnstaker etter bosted"	"0227 Fet"	5941	20	23	334	79	648	1021	362	140	246	130	363	389	490	343	1139	214	0
"Lønnstaker etter bosted"	"0228 Rælingen"	9138	14	34	413	90	795	1848	579	335	413	192	490	615	669	615	1730	306	0
"Lønnstaker etter bosted"	"0229 Enebakk"	5283	13	19	211	71	700	1023	339	157	155	59	251	380	334	366	1019	186	0
"Lønnstaker etter bosted"	"0230 Lørenskog"	19845	22	70	806	176	1590	3748	1267	710	1030	515	1152	1364	1280	1230	4167	718	0
"Lønnstaker etter bosted"	"0231 Skedsmo"	27509	44	88	1292	258	2154	5415	1837	1233	1328	647	1742	2005	2144	1673	4809	837	3
"Lønnstaker etter bosted"	"0233 Nittedal"	11997	34	34	617	112	1042	2025	611	267	663	255	804	730	1009	927	2408	456	3
"Lønnstaker etter bosted"	"0234 Gjerdrum"	3455	23	9	160	33	433	672	268	99	112	49	175	229	255	228	601	109	0
"Lønnstaker etter bosted"	"0235 Ullensaker"	18857	56	56	779	169	1488	3611	2240	1391	557	278	773	1429	1671	1067	2803	489	0
"Lønnstaker etter bosted"	"0236 Nes (Akershus)"	10520	60	28	554	150	1068	1927	959	325	261	111	437	737	668	786	2143	306	0
"Lønnstaker etter bosted"	"0237 Eidsvoll"	11858	73	54	656	123	1072	1968	1113	605	309	122	469	765	940	887	2345	354	3
"Lønnstaker etter bosted"	"0238 Nannestad"	6813	41	16	300	59	733	1107	936	435	115	56	249	559	530	402	1147	128	0
"Lønnstaker etter bosted"	"0239 Hurdal"	1269	18	3	82	19	100	223	144	58	21	3	30	59	95	109	278	27	0
"Lønnstaker etter bosted"	"0301 Oslo kommune"	346465	297	2081	9988	2726	16963	42866	15568	18576	31039	12188	36113	23210	27747	28287	60201	18458	157
"Lønnstaker etter bosted"	"0402 Kongsvinger"	7399	76	56	546	113	520	1043	429	186	240	66	331	391	747	638	1774	243	0
"Lønnstaker etter bosted"	"0403 Hamar"	14429	126	33	725	162	948	2011	509	499	407	369	771	602	1359	1512	3590	806	0
"Lønnstaker etter bosted"	"0412 Ringsaker"	16256	324	30	1994	209	1617	2609	800	468	283	216	577	729	906	1054	3925	515	0
"Lønnstaker etter bosted"	"0415 Løten"	3508	98	19	289	46	428	532	148	92	38	45	129	118	243	250	913	120	0
"Lønnstaker etter bosted"	"0417 Stange"	9550	158	25	782	135	861	1332	421	228	171	189	407	367	770	848	2449	404	3
"Lønnstaker etter bosted"	"0418 Nord-Odal"	2138	32	3	224	28	257	261	180	38	20	19	43	100	122	185	567	59	0
"Lønnstaker etter bosted"	"0419 Sør-Odal"	3591	32	20	355	57	383	552	258	99	64	39	118	221	247	245	768	133	0
"Lønnstaker etter bosted"	"0420 Eidskog"	2472	53	13	288	51	249	348	148	36	34	10	74	98	182	150	683	55	0
"Lønnstaker etter bosted"	"0423 Grue"	1830	67	11	270	37	130	240	70	34	32	17	87	84	108	132	462	49	0
"Lønnstaker etter bosted"	"0425 Åsnes"	2938	105	16	309	52	245	390	146	37	32	28	113	149	158	247	835	76	0
"Lønnstaker etter bosted"	"0426 Våler (Hedmark)"	1560	83	6	200	15	150	156	81	28	12	15	48	86	94	121	429	36	0
"Lønnstaker etter bosted"	"0427 Elverum"	9685	150	45	645	134	766	1355	302	327	142	90	380	398	1183	877	2591	300	0
"Lønnstaker etter bosted"	"0428 Trysil"	2816	57	14	139	46	320	357	99	169	22	23	117	141	169	239	728	173	3
"Lønnstaker etter bosted"	"0429 Åmot"	1948	47	9	56	30	154	198	94	62	13	12	50	83	500	152	430	58	0
"Lønnstaker etter bosted"	"0430 Stor-Elvdal"	970	45	4	89	16	64	106	57	42	6	11	22	28	79	126	245	30	0
"Lønnstaker etter bosted"	"0432 Rendalen"	672	22	7	66	14	59	71	21	19	9	3	21	24	66	53	201	16	0
"Lønnstaker etter bosted"	"0434 Engerdal"	532	11	0	9	6	111	39	24	7	3	3	19	16	45	78	145	16	0
"Lønnstaker etter bosted"	"0436 Tolga"	668	17	3	67	15	65	67	24	20	5	10	44	18	49	77	168	19	0
"Lønnstaker etter bosted"	"0437 Tynset"	2688	56	17	177	54	266	424	100	93	80	23	114	83	147	248	733	73	0
"Lønnstaker etter bosted"	"0438 Alvdal"	1154	57	4	182	15	142	132	50	26	18	8	31	17	48	109	282	33	0
"Lønnstaker etter bosted"	"0439 Folldal"	656	32	6	72	3	61	53	40	7	19	6	22	18	54	51	188	24	0
"Lønnstaker etter bosted"	"0441 Os (Hedmark)"	902	29	10	122	17	108	88	29	28	14	9	45	25	67	67	220	24	0
"Lønnstaker etter bosted"	"0501 Lillehammer"	13788	55	42	552	193	906	1801	352	678	584	152	839	538	1472	1328	3640	652	4
"Lønnstaker etter bosted"	"0502 Gjøvik"	14152	132	31	1683	165	1133	2065	420	481	400	288	552	533	817	1327	3649	472	4
"Lønnstaker etter bosted"	"0511 Dovre"	1146	33	8	78	22	163	164	59	99	10	0	48	50	84	85	220	23	0
"Lønnstaker etter bosted"	"0512 Lesja"	886	48	3	47	7	150	102	64	34	12	0	53	11	66	72	188	29	0
"Lønnstaker etter bosted"	"0513 Skjåk"	953	63	7	106	25	108	96	64	42	3	13	21	37	44	74	217	33	0
"Lønnstaker etter bosted"	"0514 Lom"	1037	55	3	80	18	131	112	54	89	5	24	43	16	56	86	231	34	0
"Lønnstaker etter bosted"	"0515 Vågå"	1654	64	9	102	66	291	196	71	74	10	9	60	66	77	145	367	47	0
"Lønnstaker etter bosted"	"0516 Nord-Fron"	2578	51	17	141	74	555	353	93	100	27	29	87	94	129	232	535	61	0
"Lønnstaker etter bosted"	"0517 Sel"	2540	37	8	214	43	332	367	134	114	20	24	93	143	130	246	577	58	0
"Lønnstaker etter bosted"	"0519 Sør-Fron"	1385	71	3	112	32	253	175	48	57	12	11	33	73	88	103	281	33	0
"Lønnstaker etter bosted"	"0520 Ringebu"	1953	67	5	233	35	306	255	83	89	16	6	53	59	109	132	440	65	0
"Lønnstaker etter bosted"	"0521 Øyer"	2440	45	17	188	33	319	303	85	173	55	16	112	100	195	144	526	129	0
"Lønnstaker etter bosted"	"0522 Gausdal"	2914	99	15	283	39	442	411	152	79	59	14	99	77	190	204	677	74	0
"Lønnstaker etter bosted"	"0528 Østre Toten"	6813	175	22	1058	88	560	922	355	107	92	129	318	255	333	587	1668	141	3
"Lønnstaker etter bosted"	"0529 Vestre Toten"	6244	70	14	1666	55	418	696	235	134	102	84	183	197	254	482	1515	139	0
"Lønnstaker etter bosted"	"0532 Jevnaker"	3190	25	9	363	44	373	496	122	96	48	48	158	138	226	197	764	83	0
"Lønnstaker etter bosted"	"0533 Lunner"	4331	34	11	278	41	468	764	246	98	150	69	185	237	310	329	960	151	0
"Lønnstaker etter bosted"	"0534 Gran"	6141	60	16	578	91	688	953	343	235	152	77	251	259	409	470	1414	142	3
"Lønnstaker etter bosted"	"0536 Søndre Land"	2421	58	7	343	46	213	266	147	34	24	12	73	79	121	239	711	48	0
"Lønnstaker etter bosted"	"0538 Nordre Land"	2920	74	9	415	66	332	356	144	63	30	20	114	88	157	246	748	58	0
"Lønnstaker etter bosted"	"0540 Sør-Aurdal"	1258	41	10	113	31	182	162	46	32	12	6	54	25	59	100	363	22	0
"Lønnstaker etter bosted"	"0541 Etnedal"	554	16	0	34	15	59	94	37	12	6	9	22	17	40	52	134	7	0
"Lønnstaker etter bosted"	"0542 Nord-Aurdal"	3084	54	18	125	83	309	601	122	163	114	30	134	119	149	276	687	97	3
"Lønnstaker etter bosted"	"0543 Vestre Slidre"	964	39	4	61	20	151	143	30	22	21	15	33	34	44	118	207	22	0
"Lønnstaker etter bosted"	"0544 Øystre Slidre"	1593	31	24	62	36	187	245	55	161	22	16	76	71	84	107	367	49	0
"Lønnstaker etter bosted"	"0545 Vang"	758	33	0	36	26	107	86	28	16	12	9	18	11	57	73	206	40	0
"Lønnstaker etter bosted"	"0602 Drammen"	31978	52	121	2194	299	2442	5561	1533	1230	1254	659	2085	2231	1957	2185	6736	1427	12
"Lønnstaker etter bosted"	"0604 Kongsberg"	12923	73	56	3533	86	893	1516	306	362	306	80	534	533	573	1083	2555	431	3
"Lønnstaker etter bosted"	"0605 Ringerike"	13895	103	77	1285	173	1360	2177	603	473	223	151	1060	620	845	1081	3305	356	3
"Lønnstaker etter bosted"	"0612 Hole"	3277	79	31	159	40	312	473	108	121	123	66	295	163	246	262	677	122	0
"Lønnstaker etter bosted"	"0615 Flå"	495	4	3	38	3	85	80	21	37	9	7	12	30	32	26	88	20	0
"Lønnstaker etter bosted"	"0616 Nes (Buskerud)"	1549	21	20	155	32	202	272	48	66	19	21	76	56	59	123	344	35	0
"Lønnstaker etter bosted"	"0617 Gol"	2266	19	7	183	60	293	412	82	242	24	35	104	86	113	167	386	53	0
"Lønnstaker etter bosted"	"0618 Hemsedal"	1152	18	4	71	24	136	155	28	108	11	18	51	73	57	84	227	87	0
"Lønnstaker etter bosted"	"0619 Ål"	2199	26	26	136	74	365	258	67	84	53	35	96	78	117	252	461	71	0
"Lønnstaker etter bosted"	"0620 Hol"	2216	23	24	99	88	332	271	68	293	12	27	68	90	99	163	436	123	0
"Lønnstaker etter bosted"	"0621 Sigdal"	1651	25	7	371	21	277	197	72	51	3	7	57	35	66	108	320	34	0
"Lønnstaker etter bosted"	"0622 Krødsherad"	1031	19	3	132	18	160	127	29	84	9	3	46	19	58	77	212	35	0
"Lønnstaker etter bosted"	"0623 Modum"	6312	38	26	672	106	872	941	280	149	87	80	230	285	329	486	1545	186	0
"Lønnstaker etter bosted"	"0624 Øvre Eiker"	9030	48	27	1111	140	1161	1504	380	210	143	79	376	519	494	633	1913	289	3
"Lønnstaker etter bosted"	"0625 Nedre Eiker"	11814	15	38	1162	105	1362	2285	540	312	295	140	525	752	678	667	2529	406	3
"Lønnstaker etter bosted"	"0626 Lier"	12701	107	106	831	122	1254	2159	571	314	488	245	865	839	803	806	2713	475	3
"Lønnstaker etter bosted"	"0627 Røyken"	11136	34	101	609	129	1121	1979	514	272	465	211	739	677	745	773	2363	401	3
"Lønnstaker etter bosted"	"0628 Hurum"	4244	26	40	376	108	376	704	238	135	123	40	232	235	215	363	917	116	0
"Lønnstaker etter bosted"	"0631 Flesberg"	1265	14	13	227	21	194	157	42	57	9	5	41	39	56	91	271	28	0
"Lønnstaker etter bosted"	"0632 Rollag"	655	16	0	68	11	82	83	18	23	3	0	33	26	44	68	159	21	0
"Lønnstaker etter bosted"	"0633 Nore og Uvdal"	1210	21	7	119	65	212	150	41	32	0	9	40	37	68	110	275	24	0
"Lønnstaker etter bosted"	"0701 Horten"	11900	45	67	1678	92	840	1622	587	350	403	84	578	551	973	1118	2560	352	0
"Lønnstaker etter bosted"	"0704 Tønsberg"	21900	86	145	1773	140	1569	3139	896	683	809	279	1302	1148	1646	1953	5555	771	6
"Lønnstaker etter bosted"	"0710 Sandefjord"	28454	228	265	2818	252	2678	4485	1873	907	879	271	1730	1713	1385	2142	5877	943	8
"Lønnstaker etter bosted"	"0711 Svelvik"	3021	16	16	407	40	313	493	177	70	55	30	112	203	195	177	616	98	3
"Lønnstaker etter bosted"	"0712 Larvik"	20616	210	254	2146	225	1943	3535	1318	644	526	169	934	942	986	1670	4465	642	7
"Lønnstaker etter bosted"	"0713 Sande (Vestfold)"	4684	66	24	383	54	647	827	220	72	113	51	248	261	260	328	983	147	0
"Lønnstaker etter bosted"	"0715 Holmestrand"	6554	41	35	834	119	655	1016	310	154	195	62	313	336	435	442	1391	201	15
"Lønnstaker etter bosted"	"0716 Re"	4677	100	30	537	70	605	775	226	64	110	30	236	226	252	302	1002	112	0
"Lønnstaker etter bosted"	"0729 Færder"	11662	52	86	848	67	894	1712	438	369	400	174	727	508	1038	1029	2939	374	7
"Lønnstaker etter bosted"	"0805 Porsgrunn"	16411	43	432	2195	330	1278	2315	612	465	371	158	918	928	833	1294	3755	484	0
"Lønnstaker etter bosted"	"0806 Skien"	24422	105	381	2442	340	1978	3665	982	665	487	250	1110	1354	1567	1841	6339	913	3
"Lønnstaker etter bosted"	"0807 Notodden"	5418	22	67	617	116	500	777	200	128	102	26	217	180	251	631	1426	158	0
"Lønnstaker etter bosted"	"0811 Siljan"	1090	21	17	107	21	116	207	58	12	13	9	39	29	66	75	267	33	0
"Lønnstaker etter bosted"	"0814 Bamble"	6245	13	251	921	106	590	903	262	217	108	60	341	311	295	455	1246	163	3
"Lønnstaker etter bosted"	"0815 Kragerø"	4331	32	90	476	57	548	539	206	186	39	75	185	136	271	429	930	132	0
"Lønnstaker etter bosted"	"0817 Drangedal"	1723	41	37	141	44	322	204	66	31	9	19	59	51	93	110	440	56	0
"Lønnstaker etter bosted"	"0819 Nome"	2886	31	33	386	46	320	307	145	71	37	34	86	78	134	275	821	82	0
"Lønnstaker etter bosted"	"0821 Bø (Telemark)"	2832	29	33	205	32	279	423	90	117	46	31	145	101	141	418	603	136	3
"Lønnstaker etter bosted"	"0822 Sauherad"	1824	40	18	209	37	216	229	88	60	12	13	78	33	96	227	418	50	0
"Lønnstaker etter bosted"	"0826 Tinn"	2674	17	59	284	127	303	307	115	94	31	26	113	120	134	220	612	112	0
"Lønnstaker etter bosted"	"0827 Hjartdal"	657	21	7	44	24	118	70	33	11	3	14	30	18	28	49	177	10	0
"Lønnstaker etter bosted"	"0828 Seljord"	1270	20	9	50	30	189	217	64	51	27	8	64	37	68	113	291	32	0
"Lønnstaker etter bosted"	"0829 Kviteseid"	1103	15	11	50	29	221	111	59	55	31	7	36	32	54	127	222	43	0
"Lønnstaker etter bosted"	"0830 Nissedal"	659	14	11	45	46	99	69	29	9	3	3	16	21	34	48	196	16	0
"Lønnstaker etter bosted"	"0831 Fyresdal"	567	20	12	54	13	76	66	17	12	4	4	21	17	44	51	143	13	0
"Lønnstaker etter bosted"	"0833 Tokke"	1020	18	21	75	85	154	80	29	16	9	0	32	37	66	99	273	26	0
"Lønnstaker etter bosted"	"0834 Vinje"	1794	14	53	98	65	323	190	75	72	8	11	59	67	102	155	464	38	0
"Lønnstaker etter bosted"	"0901 Risør"	2845	12	60	307	30	278	356	106	85	37	24	143	130	161	293	768	55	0
"Lønnstaker etter bosted"	"0904 Grimstad"	10487	132	183	775	84	913	1545	416	372	243	160	480	521	835	1273	2176	376	3
"Lønnstaker etter bosted"	"0906 Arendal"	19304	86	437	1518	208	1686	2834	834	613	381	471	820	853	1359	1741	4822	632	9
"Lønnstaker etter bosted"	"0911 Gjerstad"	1049	10	19	172	14	133	154	51	30	5	20	30	34	43	62	250	22	0
"Lønnstaker etter bosted"	"0912 Vegårshei"	937	17	21	113	6	125	105	33	12	10	21	31	31	64	72	237	39	0
"Lønnstaker etter bosted"	"0914 Tvedestrand"	2494	16	90	266	28	275	361	105	74	31	36	83	97	133	259	573	67	0
"Lønnstaker etter bosted"	"0919 Froland"	2627	17	50	178	38	373	399	161	67	30	39	64	150	147	214	606	91	3
"Lønnstaker etter bosted"	"0926 Lillesand"	4928	17	61	507	54	463	795	206	152	100	65	211	201	357	479	1094	163	3
"Lønnstaker etter bosted"	"0928 Birkenes"	2388	29	21	455	19	307	302	144	54	22	22	57	90	123	200	471	72	0
"Lønnstaker etter bosted"	"0929 Åmli"	752	16	17	107	17	116	92	22	7	3	10	10	21	51	55	190	18	0
"Lønnstaker etter bosted"	"0935 Iveland"	568	6	5	86	10	101	78	27	10	6	3	11	7	27	42	133	16	0
"Lønnstaker etter bosted"	"0937 Evje og Hornnes"	1573	15	22	93	29	179	252	108	75	26	18	42	48	84	179	364	39	0
"Lønnstaker etter bosted"	"0938 Bygland"	488	4	7	51	18	53	41	28	8	10	3	14	8	43	53	130	17	0
"Lønnstaker etter bosted"	"0940 Valle"	541	10	12	48	22	116	48	19	12	4	12	13	11	31	47	116	20	0
"Lønnstaker etter bosted"	"0941 Bykle"	539	0	3	19	17	101	63	10	46	7	3	13	12	41	60	103	41	0
"Lønnstaker etter bosted"	"1001 Kristiansand"	42668	67	346	4084	611	2781	6085	1808	1917	1070	536	2472	2302	2645	4254	9643	2029	18
"Lønnstaker etter bosted"	"1002 Mandal"	6849	30	171	875	50	743	877	242	243	98	64	313	268	441	657	1558	219	0
"Lønnstaker etter bosted"	"1003 Farsund"	4444	62	189	869	43	473	547	198	167	38	25	132	118	173	391	931	88	0
"Lønnstaker etter bosted"	"1004 Flekkefjord"	4076	98	156	480	53	363	411	190	121	72	41	191	101	164	363	1172	97	3
"Lønnstaker etter bosted"	"1014 Vennesla"	6753	31	42	921	105	965	1040	300	116	76	44	208	359	281	542	1498	222	3
"Lønnstaker etter bosted"	"1017 Songdalen"	2998	22	26	371	58	379	484	185	79	36	27	91	170	132	216	637	82	3
"Lønnstaker etter bosted"	"1018 Søgne"	5235	25	62	620	66	713	754	183	139	70	45	222	228	296	509	1118	185	0
"Lønnstaker etter bosted"	"1021 Marnardal"	987	23	8	136	10	177	112	44	9	6	7	37	30	36	80	253	19	0
"Lønnstaker etter bosted"	"1026 Åseral"	453	15	8	38	15	82	27	19	28	3	0	17	22	28	35	104	12	0
"Lønnstaker etter bosted"	"1027 Audnedal"	802	12	7	123	8	129	91	36	3	6	3	33	9	57	76	200	9	0
"Lønnstaker etter bosted"	"1029 Lindesnes"	2118	39	45	362	6	289	248	111	56	15	14	76	78	94	148	471	66	0
"Lønnstaker etter bosted"	"1032 Lyngdal"	3879	36	119	583	16	387	718	139	182	33	29	122	92	144	360	792	127	0
"Lønnstaker etter bosted"	"1034 Hægebostad"	807	21	19	146	7	148	81	16	6	3	6	20	22	25	64	206	17	0
"Lønnstaker etter bosted"	"1037 Kvinesdal"	2693	43	97	364	50	366	333	102	75	28	24	83	87	120	230	621	70	0
"Lønnstaker etter bosted"	"1046 Sirdal"	858	9	36	44	81	138	65	19	37	7	0	24	51	57	73	192	25	0
"Lønnstaker etter bosted"	"1101 Eigersund"	6990	58	386	1264	117	667	850	272	242	78	29	263	285	325	605	1367	179	3
"Lønnstaker etter bosted"	"1102 Sandnes"	37986	233	3681	3060	473	3076	5390	1647	1393	1257	364	2302	2232	1628	2856	7048	1337	9
"Lønnstaker etter bosted"	"1103 Stavanger"	65506	128	8709	3840	599	2918	6944	2501	3083	2455	1066	4676	3752	3495	5549	13135	2646	10
"Lønnstaker etter bosted"	"1106 Haugesund"	17651	52	1096	1756	180	1164	2312	996	789	399	140	848	863	862	1612	4039	543	0
"Lønnstaker etter bosted"	"1111 Sokndal"	1481	22	289	148	14	180	103	51	38	32	6	28	26	51	110	352	31	0
"Lønnstaker etter bosted"	"1112 Lund"	1435	25	35	409	16	147	112	49	28	29	7	35	39	54	123	305	22	0
"Lønnstaker etter bosted"	"1114 Bjerkreim"	1315	97	39	180	9	188	186	46	41	13	7	49	43	69	101	215	32	0
"Lønnstaker etter bosted"	"1119 Hå"	9236	429	230	1792	99	1383	1102	270	173	90	57	252	462	370	680	1628	219	0
"Lønnstaker etter bosted"	"1120 Klepp"	9698	289	592	1386	107	1055	1463	439	250	206	80	463	482	326	577	1714	266	3
"Lønnstaker etter bosted"	"1121 Time"	9435	224	507	1308	100	906	1257	323	215	236	113	494	368	418	889	1748	326	3
"Lønnstaker etter bosted"	"1122 Gjesdal"	6052	73	361	888	78	717	965	212	172	125	41	309	258	192	437	1048	173	3
"Lønnstaker etter bosted"	"1124 Sola"	13282	87	2126	932	142	875	1559	801	514	447	182	866	790	551	917	2094	399	0
"Lønnstaker etter bosted"	"1127 Randaberg"	5337	34	585	386	65	421	751	192	166	133	79	338	327	260	364	1057	179	0
"Lønnstaker etter bosted"	"1129 Forsand"	523	22	41	43	12	57	39	37	9	6	0	31	13	40	51	109	13	0
"Lønnstaker etter bosted"	"1130 Strand"	5981	115	560	826	86	515	579	214	204	84	46	268	299	226	590	1197	172	0
"Lønnstaker etter bosted"	"1133 Hjelmeland"	1180	98	78	186	11	109	81	65	39	3	13	39	42	55	108	226	27	0
"Lønnstaker etter bosted"	"1134 Suldal"	1758	95	195	72	89	163	150	76	68	15	10	56	68	70	145	438	48	0
"Lønnstaker etter bosted"	"1135 Sauda"	2131	16	121	357	119	207	186	79	65	10	4	38	81	97	210	486	52	3
"Lønnstaker etter bosted"	"1141 Finnøy"	1494	218	61	116	12	176	98	110	13	18	5	51	35	58	150	339	34	0
"Lønnstaker etter bosted"	"1142 Rennesøy"	2370	89	311	140	37	248	245	129	71	41	27	129	129	105	185	423	58	3
"Lønnstaker etter bosted"	"1144 Kvitsøy"	253	8	21	24	3	34	17	19	3	3	0	6	7	16	25	61	6	0
"Lønnstaker etter bosted"	"1145 Bokn"	382	46	36	45	3	25	37	50	6	3	0	6	8	17	22	72	6	0
"Lønnstaker etter bosted"	"1146 Tysvær"	5168	122	505	525	65	552	680	275	129	79	21	164	216	210	410	1104	111	0
"Lønnstaker etter bosted"	"1149 Karmøy"	19130	150	1353	2656	204	1685	2451	1349	544	291	106	717	819	661	1488	4195	458	3
"Lønnstaker etter bosted"	"1151 Utsira"	91	3	4	0	3	3	6	21	0	0	0	0	3	7	14	24	3	0
"Lønnstaker etter bosted"	"1160 Vindafjord"	4252	224	200	748	65	489	513	196	51	77	21	152	204	189	308	744	71	0
"Lønnstaker etter bosted"	"1201 Bergen"	140063	492	5490	7234	1410	9119	17516	6729	5733	4957	4289	10461	8136	9126	13310	30452	5576	33
"Lønnstaker etter bosted"	"1211 Etne"	1872	88	82	255	40	275	210	70	43	38	20	75	61	65	142	376	32	0
"Lønnstaker etter bosted"	"1216 Sveio"	2610	84	167	256	39	296	324	176	64	27	9	87	95	79	233	602	72	0
"Lønnstaker etter bosted"	"1219 Bømlo"	5521	200	281	1171	61	487	531	392	94	48	27	125	248	192	461	1081	122	0
"Lønnstaker etter bosted"	"1221 Stord"	9089	87	201	1877	146	665	990	337	327	122	40	500	370	399	809	2052	167	0
"Lønnstaker etter bosted"	"1222 Fitjar"	1466	63	49	283	29	165	130	81	36	17	7	88	33	46	108	303	28	0
"Lønnstaker etter bosted"	"1223 Tysnes"	1266	121	79	126	21	122	115	104	9	15	12	33	36	57	95	300	21	0
"Lønnstaker etter bosted"	"1224 Kvinnherad"	5930	199	211	1005	104	537	616	279	135	71	33	197	192	218	485	1512	136	0
"Lønnstaker etter bosted"	"1227 Jondal"	483	43	25	26	10	45	59	24	4	3	3	9	14	36	35	130	17	0
"Lønnstaker etter bosted"	"1228 Odda"	3225	21	78	700	101	316	321	104	105	33	8	148	88	125	223	793	61	0
"Lønnstaker etter bosted"	"1231 Ullensvang"	1519	24	49	164	41	206	135	60	80	12	8	109	40	82	138	328	43	0
"Lønnstaker etter bosted"	"1232 Eidfjord"	456	3	19	7	29	69	39	28	29	7	3	21	20	30	35	111	6	0
"Lønnstaker etter bosted"	"1233 Ulvik"	455	15	9	18	7	46	43	25	27	10	4	17	23	38	51	109	13	0
"Lønnstaker etter bosted"	"1234 Granvin"	450	16	20	41	3	74	45	38	8	3	0	12	18	17	37	109	9	0
"Lønnstaker etter bosted"	"1235 Voss"	7002	98	202	359	135	960	942	337	360	59	76	267	216	319	643	1794	235	0
"Lønnstaker etter bosted"	"1238 Kvam"	3946	223	177	519	48	408	426	216	83	25	19	118	77	264	380	827	136	0
"Lønnstaker etter bosted"	"1241 Fusa"	1818	121	81	374	27	187	146	102	26	7	10	57	44	88	175	341	32	0
"Lønnstaker etter bosted"	"1242 Samnanger"	1141	20	52	124	31	159	157	56	25	12	15	32	26	64	92	249	27	0
"Lønnstaker etter bosted"	"1243 Os (Hordaland)"	9905	100	471	958	101	1041	1234	628	341	164	105	558	444	436	776	2247	298	3
"Lønnstaker etter bosted"	"1244 Austevoll"	2401	224	63	331	41	147	193	292	54	29	16	151	47	87	219	459	48	0
"Lønnstaker etter bosted"	"1245 Sund"	3192	39	217	342	34	368	340	246	102	45	30	132	187	160	230	641	76	3
"Lønnstaker etter bosted"	"1246 Fjell"	12584	102	804	1137	162	1248	1765	832	313	283	212	703	639	812	909	2251	406	6
"Lønnstaker etter bosted"	"1247 Askøy"	14052	65	497	1083	178	1481	1800	707	356	312	289	795	653	1028	1094	3248	463	3
"Lønnstaker etter bosted"	"1251 Vaksdal"	1771	8	69	217	54	151	232	112	48	41	11	55	66	116	134	414	43	0
"Lønnstaker etter bosted"	"1252 Modalen"	170	3	10	8	13	14	11	9	0	21	0	3	9	20	13	36	0	0
"Lønnstaker etter bosted"	"1253 Osterøy"	3888	81	92	618	42	590	457	309	52	29	22	102	143	183	316	763	89	0
"Lønnstaker etter bosted"	"1256 Meland"	3962	48	172	462	45	381	478	181	51	80	60	174	169	197	426	898	137	3
"Lønnstaker etter bosted"	"1259 Øygarden"	2187	67	227	139	30	250	224	134	61	25	8	113	140	118	146	428	77	0
"Lønnstaker etter bosted"	"1260 Radøy"	2268	46	97	342	22	252	300	122	15	22	12	83	119	90	188	508	50	0
"Lønnstaker etter bosted"	"1263 Lindås"	7355	75	469	1088	129	680	810	515	136	85	68	319	348	320	604	1488	207	14
"Lønnstaker etter bosted"	"1264 Austrheim"	1288	10	117	231	18	131	93	140	34	6	3	37	94	39	74	235	20	6
"Lønnstaker etter bosted"	"1265 Fedje"	233	4	20	7	0	15	19	41	3	0	0	8	3	19	31	60	3	0
"Lønnstaker etter bosted"	"1266 Masfjorden"	797	29	56	72	60	71	67	55	11	6	3	37	11	49	82	173	15	0
"Lønnstaker etter bosted"	"1401 Flora"	5712	134	310	556	108	533	569	552	163	51	57	286	267	322	490	1135	179	0
"Lønnstaker etter bosted"	"1411 Gulen"	1083	82	60	111	41	90	67	120	12	8	4	27	37	48	78	275	23	0
"Lønnstaker etter bosted"	"1412 Solund"	341	40	8	42	4	10	21	33	3	0	3	17	7	19	37	87	10	0
"Lønnstaker etter bosted"	"1413 Hyllestad"	635	35	14	134	11	67	56	31	24	0	3	13	9	28	51	142	17	0
"Lønnstaker etter bosted"	"1416 Høyanger"	1885	56	58	351	76	166	130	77	54	22	11	36	70	91	161	478	48	0
"Lønnstaker etter bosted"	"1417 Vik"	1215	33	20	169	53	142	94	52	11	23	12	56	45	101	88	290	26	0
"Lønnstaker etter bosted"	"1418 Balestrand"	605	3	6	75	22	31	30	19	33	3	0	13	20	56	96	190	8	0
"Lønnstaker etter bosted"	"1419 Leikanger"	1124	19	9	45	10	79	88	47	22	18	9	53	19	389	88	194	35	0
"Lønnstaker etter bosted"	"1420 Sogndal"	4203	53	34	264	73	478	429	184	173	52	39	199	157	432	623	841	172	0
"Lønnstaker etter bosted"	"1421 Aurland"	891	9	8	52	53	121	76	34	89	6	7	21	92	37	81	175	30	0
"Lønnstaker etter bosted"	"1422 Lærdal"	994	22	6	89	50	151	99	44	19	9	5	38	18	48	66	304	26	0
"Lønnstaker etter bosted"	"1424 Årdal"	2530	6	27	1062	66	137	208	39	37	30	28	52	91	66	165	477	39	0
"Lønnstaker etter bosted"	"1426 Luster"	2457	45	19	289	94	287	264	99	71	18	29	71	87	168	226	610	80	0
"Lønnstaker etter bosted"	"1428 Askvoll"	1259	51	55	99	11	100	139	109	30	21	16	43	31	65	132	334	23	0
"Lønnstaker etter bosted"	"1429 Fjaler"	1204	46	28	58	15	108	128	56	12	57	15	39	24	48	188	352	30	0
"Lønnstaker etter bosted"	"1430 Gaular"	1435	35	22	80	25	155	215	103	30	20	24	53	27	91	143	380	32	0
"Lønnstaker etter bosted"	"1431 Jølster"	1472	10	21	79	19	219	230	73	49	30	18	49	39	70	139	394	33	0
"Lønnstaker etter bosted"	"1432 Førde"	6920	65	91	302	102	594	1106	288	219	173	158	282	232	413	580	2122	193	0
"Lønnstaker etter bosted"	"1433 Naustdal"	1344	22	48	101	18	170	200	72	15	17	14	50	38	63	120	354	42	0
"Lønnstaker etter bosted"	"1438 Bremanger"	1575	80	95	360	23	92	89	109	22	3	4	22	42	61	136	399	38	0
"Lønnstaker etter bosted"	"1439 Vågsøy"	2809	63	38	487	26	215	365	218	64	53	25	134	144	120	239	560	55	3
"Lønnstaker etter bosted"	"1441 Selje"	1241	61	57	253	14	78	79	117	22	10	8	44	48	57	95	278	20	0
"Lønnstaker etter bosted"	"1443 Eid"	2979	63	71	352	57	319	376	154	72	49	13	118	69	123	284	778	74	7
"Lønnstaker etter bosted"	"1444 Hornindal"	585	21	4	107	12	77	64	20	14	10	3	28	4	36	41	135	9	0
"Lønnstaker etter bosted"	"1445 Gloppen"	2736	73	49	322	140	253	310	109	59	21	21	98	95	118	317	660	91	0
"Lønnstaker etter bosted"	"1449 Stryn"	3512	66	33	709	80	321	455	223	262	20	27	121	92	108	258	658	79	0
"Lønnstaker etter bosted"	"1502 Molde"	13179	63	313	1198	155	830	1781	627	413	285	141	711	377	1231	1171	3320	557	6
"Lønnstaker etter bosted"	"1504 Ålesund"	23943	103	176	2625	256	1637	3848	1510	917	581	485	1379	1125	1110	1889	5526	773	3
"Lønnstaker etter bosted"	"1505 Kristiansund"	10960	137	542	717	240	815	1509	922	390	153	120	522	619	689	822	2444	316	3
"Lønnstaker etter bosted"	"1511 Vanylven"	1402	71	119	124	12	108	123	147	15	16	9	41	35	71	119	381	11	0
"Lønnstaker etter bosted"	"1514 Sande (Møre og Romsdal)"	1151	30	17	320	3	88	94	95	10	12	8	47	34	48	75	253	17	0
"Lønnstaker etter bosted"	"1515 Herøy (Møre og Romsdal)"	3985	135	80	666	28	255	443	431	95	46	25	207	238	117	325	767	127	0
"Lønnstaker etter bosted"	"1516 Ulstein"	4151	32	54	1045	45	206	480	205	101	61	63	300	190	180	395	683	108	3
"Lønnstaker etter bosted"	"1517 Hareid"	2341	18	51	516	41	180	282	162	39	22	19	125	108	113	161	450	54	0
"Lønnstaker etter bosted"	"1519 Volda"	4185	91	52	286	51	341	462	192	78	67	57	127	137	167	705	1233	139	0
"Lønnstaker etter bosted"	"1520 Ørsta"	5128	109	85	707	109	441	670	354	125	52	56	166	215	210	443	1267	119	0
"Lønnstaker etter bosted"	"1523 Ørskog"	1072	5	16	127	12	119	160	49	33	11	23	39	28	47	108	274	21	0
"Lønnstaker etter bosted"	"1524 Norddal"	752	29	14	39	34	58	103	39	26	7	3	27	20	31	64	230	28	0
"Lønnstaker etter bosted"	"1525 Stranda"	2339	39	8	841	38	202	160	124	99	7	20	59	54	74	169	388	57	0
"Lønnstaker etter bosted"	"1526 Stordal"	440	11	3	59	5	53	78	8	16	6	0	9	6	36	34	110	6	0
"Lønnstaker etter bosted"	"1528 Sykkylven"	3791	13	40	1405	38	286	403	188	61	59	35	92	76	102	292	633	68	0
"Lønnstaker etter bosted"	"1529 Skodje"	2382	16	29	322	23	234	374	177	53	33	18	104	76	92	169	602	60	0
"Lønnstaker etter bosted"	"1531 Sula"	4517	20	41	684	58	393	791	262	72	64	70	179	191	143	329	1109	111	0
"Lønnstaker etter bosted"	"1532 Giske"	3898	71	78	454	23	279	464	390	132	62	79	179	236	179	315	863	94	0
"Lønnstaker etter bosted"	"1534 Haram"	4415	42	49	1543	25	249	417	241	93	42	38	133	144	147	326	832	94	0
"Lønnstaker etter bosted"	"1535 Vestnes"	3070	50	57	665	37	253	311	154	101	25	15	85	77	109	266	802	63	0
"Lønnstaker etter bosted"	"1539 Rauma"	3458	66	59	467	64	411	528	267	89	50	18	86	124	179	264	723	60	3
"Lønnstaker etter bosted"	"1543 Nesset"	1364	38	43	228	29	177	156	58	24	6	17	33	51	81	73	317	33	0
"Lønnstaker etter bosted"	"1545 Midsund"	882	47	21	132	3	108	68	90	13	3	3	34	18	42	69	213	18	0
"Lønnstaker etter bosted"	"1546 Sandøy"	543	9	7	162	15	23	32	71	16	0	3	6	17	29	41	98	14	0
"Lønnstaker etter bosted"	"1547 Aukra"	1568	30	107	236	6	94	132	112	65	10	15	50	58	113	132	374	31	3
"Lønnstaker etter bosted"	"1548 Fræna"	4651	66	217	721	45	406	596	368	91	45	36	124	169	281	340	1040	106	0
"Lønnstaker etter bosted"	"1551 Eide"	1665	38	89	288	20	234	182	81	16	11	9	48	53	102	117	339	38	0
"Lønnstaker etter bosted"	"1554 Averøy"	2650	103	112	415	40	205	241	225	60	23	19	130	171	112	219	537	38	0
"Lønnstaker etter bosted"	"1557 Gjemnes"	1183	44	38	143	12	125	109	77	25	11	7	38	29	91	128	282	24	0
"Lønnstaker etter bosted"	"1560 Tingvoll"	1311	69	34	154	17	144	134	83	23	6	9	78	48	74	130	288	20	0
"Lønnstaker etter bosted"	"1563 Sunndal"	3317	35	57	934	120	229	305	98	75	42	26	132	106	103	263	710	79	3
"Lønnstaker etter bosted"	"1566 Surnadal"	2757	77	47	487	49	243	322	148	62	24	32	146	74	128	224	643	51	0
"Lønnstaker etter bosted"	"1567 Rindal (-2018)"	883	40	10	120	10	127	107	38	22	9	12	33	24	35	54	215	27	0
"Lønnstaker etter bosted"	"1571 Halsa"	653	63	13	100	7	43	60	29	9	3	4	14	21	47	50	168	22	0
"Lønnstaker etter bosted"	"1573 Smøla"	979	150	24	118	16	57	97	93	28	3	3	40	20	37	68	208	17	0
"Lønnstaker etter bosted"	"1576 Aure"	1584	129	73	190	13	133	110	144	36	13	5	49	68	107	126	365	23	0
"Lønnstaker etter bosted"	"5001 Trondheim"	99201	319	1413	4742	870	6791	12385	3825	4422	4330	2402	9558	5691	5679	12344	20601	3813	16
"Lønnstaker etter bosted"	"5004 Steinkjer"	9830	205	91	704	246	1027	1530	375	316	144	83	454	412	970	924	2062	284	3
"Lønnstaker etter bosted"	"5005 Namsos"	6319	128	65	382	63	545	980	315	169	57	34	317	225	296	569	2026	148	0
"Lønnstaker etter bosted"	"5011 Hemne"	1993	151	72	401	24	184	191	101	41	36	21	58	63	91	163	365	31	0
"Lønnstaker etter bosted"	"5012 Snillfjord"	464	74	0	63	6	53	36	27	7	6	3	5	14	30	29	101	7	3
"Lønnstaker etter bosted"	"5013 Hitra"	2242	176	19	479	23	223	197	105	66	11	8	80	179	75	177	372	52	0
"Lønnstaker etter bosted"	"5014 Frøya"	2506	257	22	772	22	144	184	187	53	9	7	65	55	102	167	436	24	0
"Lønnstaker etter bosted"	"5015 Ørland"	2549	63	32	208	21	318	262	92	103	13	40	89	111	580	134	404	79	0
"Lønnstaker etter bosted"	"5016 Agdenes"	728	31	16	87	6	76	66	61	10	4	3	28	21	49	45	179	46	0
"Lønnstaker etter bosted"	"5017 Bjugn"	2109	84	34	214	30	281	213	122	52	11	27	40	69	218	182	492	40	0
"Lønnstaker etter bosted"	"5018 Åfjord"	1542	148	10	66	32	283	181	78	46	3	17	58	34	82	144	338	22	0
"Lønnstaker etter bosted"	"5019 Roan"	427	55	11	56	5	54	29	29	14	0	0	10	8	30	26	94	6	0
"Lønnstaker etter bosted"	"5020 Osen"	404	42	3	17	6	41	37	34	6	0	0	3	29	30	45	105	6	0
"Lønnstaker etter bosted"	"5021 Oppdal"	3186	91	77	275	54	458	454	112	199	51	39	145	78	128	255	654	113	3
"Lønnstaker etter bosted"	"5022 Rennebu"	1030	42	7	68	52	154	123	54	38	7	9	36	25	60	71	253	31	0
"Lønnstaker etter bosted"	"5023 Meldal"	1688	62	30	224	46	200	219	90	17	9	25	55	39	83	131	411	47	0
"Lønnstaker etter bosted"	"5024 Orkdal"	5654	87	60	754	104	590	805	305	171	66	75	222	235	262	437	1349	132	0
"Lønnstaker etter bosted"	"5025 Røros"	2741	29	16	469	36	251	380	93	184	41	38	95	54	167	209	573	106	0
"Lønnstaker etter bosted"	"5026 Holtålen"	923	19	15	93	11	177	98	46	28	6	18	19	33	41	59	241	19	0
"Lønnstaker etter bosted"	"5027 Midtre Gauldal"	3065	110	13	533	29	496	378	214	42	17	33	91	105	116	200	621	67	0
"Lønnstaker etter bosted"	"5028 Melhus"	7950	82	67	568	101	1266	1198	446	156	135	109	381	446	396	663	1710	226	0
"Lønnstaker etter bosted"	"5029 Skaun"	4032	39	49	252	58	599	600	196	64	97	71	207	181	213	344	963	99	0
"Lønnstaker etter bosted"	"5030 Klæbu"	3006	22	32	159	48	419	465	174	59	66	49	179	172	149	190	745	78	0
"Lønnstaker etter bosted"	"5031 Malvik"	6839	35	147	447	70	701	859	299	190	248	120	547	375	423	675	1493	210	0
"Lønnstaker etter bosted"	"5032 Selbu"	1933	51	22	318	42	263	215	94	46	35	29	49	71	93	173	391	41	0
"Lønnstaker etter bosted"	"5033 Tydal"	364	6	0	28	26	44	32	20	10	3	6	5	33	34	25	83	9	0
"Lønnstaker etter bosted"	"5034 Meråker"	1020	25	14	175	16	97	86	66	33	3	3	24	41	60	100	253	24	0
"Lønnstaker etter bosted"	"5035 Stjørdal"	11207	124	284	686	142	1131	1496	948	591	225	123	557	633	741	1068	2163	292	3
"Lønnstaker etter bosted"	"5036 Frosta"	1128	90	4	86	8	145	160	65	23	15	7	50	60	59	92	237	27	0
"Lønnstaker etter bosted"	"5037 Levanger"	9585	229	139	970	95	789	1079	353	282	85	60	360	258	497	1101	3030	258	0
"Lønnstaker etter bosted"	"5038 Verdal"	6840	114	141	932	60	1003	893	197	207	59	34	270	210	322	619	1590	189	0
"Lønnstaker etter bosted"	"5039 Verran"	975	41	6	129	27	149	97	40	20	3	3	37	51	56	57	247	12	0
"Lønnstaker etter bosted"	"5040 Namdalseid"	659	55	6	54	4	70	81	42	6	3	0	17	11	68	50	182	10	0
"Lønnstaker etter bosted"	"5041 Snåase - Snåsa"	911	50	7	78	7	71	77	37	27	8	8	41	22	82	106	255	35	0
"Lønnstaker etter bosted"	"5042 Lierne"	629	36	17	75	8	80	46	30	17	0	3	22	11	56	55	166	7	0
"Lønnstaker etter bosted"	"5043 Raarvihke - Røyrvik"	206	3	3	3	5	22	15	7	10	10	0	5	13	31	19	48	12	0
"Lønnstaker etter bosted"	"5044 Namsskogan"	376	11	6	6	8	84	38	18	15	0	6	5	19	23	35	89	13	0
"Lønnstaker etter bosted"	"5045 Grong"	1091	33	5	59	31	135	138	42	36	4	22	40	42	66	144	270	24	0
"Lønnstaker etter bosted"	"5046 Høylandet"	558	40	3	41	8	58	75	27	0	3	4	18	3	34	56	170	18	0
"Lønnstaker etter bosted"	"5047 Overhalla"	1832	74	14	201	32	250	270	88	26	7	11	71	58	70	151	476	33	0
"Lønnstaker etter bosted"	"5048 Fosnes"	261	29	6	17	3	22	20	13	0	0	0	9	10	34	24	68	6	0
"Lønnstaker etter bosted"	"5049 Flatanger"	520	113	3	34	6	39	35	43	12	0	3	21	20	29	38	114	10	0
"Lønnstaker etter bosted"	"5050 Vikna"	2156	160	27	270	5	111	238	209	47	106	17	59	169	82	188	430	35	3
"Lønnstaker etter bosted"	"5051 Nærøy"	2314	184	31	237	34	190	246	226	43	40	5	72	138	134	192	500	42	0
"Lønnstaker etter bosted"	"5052 Leka"	232	49	8	0	3	11	14	30	6	0	0	5	16	17	18	52	3	0
"Lønnstaker etter bosted"	"5053 Inderøy"	3004	92	41	361	31	327	341	113	61	21	21	136	89	240	322	731	77	0
"Lønnstaker etter bosted"	"5054 Indre Fosen"	4464	128	34	772	56	536	462	217	55	52	59	153	133	242	418	1045	102	0
"Lønnstaker etter bosted"	"5061 Rindal"	0	0	0	0	0	0	0	0	0	0	0	0	0	0	0	0	0	0
"Lønnstaker etter bosted"	"1804 Bodø"	26914	144	150	891	261	2220	3414	2031	1116	578	340	1250	1212	3264	2542	6478	1017	6
"Lønnstaker etter bosted"	"1805 Narvik"	8734	17	56	266	282	979	1318	582	309	84	86	371	311	580	873	2383	237	0
"Lønnstaker etter bosted"	"1811 Bindal"	564	48	5	31	17	45	59	50	6	0	0	8	7	32	71	169	16	0
"Lønnstaker etter bosted"	"1812 Sømna"	851	57	28	88	0	56	87	69	22	3	0	26	13	84	99	210	9	0
"Lønnstaker etter bosted"	"1813 Brønnøy"	3572	101	134	125	24	305	431	262	113	33	19	108	156	617	326	764	54	0
"Lønnstaker etter bosted"	"1815 Vega"	445	37	25	18	0	30	37	36	9	3	0	16	11	49	50	112	12	0
"Lønnstaker etter bosted"	"1816 Vevelstad"	194	31	4	9	3	4	13	15	6	0	0	3	3	26	22	46	9	0
"Lønnstaker etter bosted"	"1818 Herøy (Nordland)"	730	66	29	132	0	42	64	59	9	0	3	26	38	32	49	165	16	0
"Lønnstaker etter bosted"	"1820 Alstahaug"	3448	74	85	157	19	250	418	345	126	52	18	162	90	208	332	1026	83	3
"Lønnstaker etter bosted"	"1822 Leirfjord"	980	44	29	72	3	117	101	78	17	0	5	32	20	56	82	306	18	0
"Lønnstaker etter bosted"	"1824 Vefsn"	6485	62	41	918	207	553	762	324	198	93	85	167	232	397	638	1623	185	0
"Lønnstaker etter bosted"	"1825 Grane"	665	26	3	137	11	65	51	37	13	3	0	18	6	48	53	177	17	0
"Lønnstaker etter bosted"	"1826 Hattfjelldal"	582	29	4	86	7	54	47	47	8	3	0	13	25	26	60	164	9	0
"Lønnstaker etter bosted"	"1827 Dønna"	561	32	8	21	4	29	51	83	11	0	0	36	4	36	77	154	15	0
"Lønnstaker etter bosted"	"1828 Nesna"	797	68	24	50	3	43	68	38	29	3	0	14	8	45	176	206	22	0
"Lønnstaker etter bosted"	"1832 Hemnes"	1946	59	23	247	64	241	222	80	45	19	10	50	60	108	138	537	43	0
"Lønnstaker etter bosted"	"1833 Rana"	12725	102	337	1565	167	1199	1655	680	380	266	137	517	473	1060	908	2741	535	3
"Lønnstaker etter bosted"	"1834 Lurøy"	824	92	7	154	3	71	56	58	19	0	0	29	12	44	73	193	10	3
"Lønnstaker etter bosted"	"1835 Træna"	203	9	0	72	0	9	9	11	7	0	0	3	3	19	13	39	9	0
"Lønnstaker etter bosted"	"1836 Rødøy"	522	67	10	16	5	25	52	76	15	0	0	10	6	38	60	132	10	0
"Lønnstaker etter bosted"	"1837 Meløy"	2726	125	126	397	64	214	262	130	60	37	4	52	69	143	285	718	40	0
"Lønnstaker etter bosted"	"1838 Gildeskål"	861	78	10	61	33	88	71	45	13	10	6	9	26	49	107	232	23	0
"Lønnstaker etter bosted"	"1839 Beiarn"	419	12	7	22	7	49	46	32	9	0	0	3	12	39	40	134	7	0
"Lønnstaker etter bosted"	"1840 Saltdal"	2163	32	15	315	42	215	181	75	80	6	3	70	77	117	185	700	50	0
"Lønnstaker etter bosted"	"1841 Fauske - Fuosko"	4609	89	73	339	168	537	626	313	134	55	17	154	166	367	460	993	118	0
"Lønnstaker etter bosted"	"1845 Sørfold"	844	67	26	129	24	89	59	41	26	3	0	13	26	58	66	197	20	0
"Lønnstaker etter bosted"	"1848 Steigen"	1068	160	9	83	20	74	113	93	15	7	3	22	28	57	102	260	22	0
"Lønnstaker etter bosted"	"1849 Hamarøy - Hábmer"	783	44	6	44	35	98	67	53	29	8	0	9	21	113	106	131	19	0
"Lønnstaker etter bosted"	"1850 Divtasvuodna - Tysfjord"	786	26	16	180	6	80	48	53	11	8	0	11	9	64	64	180	30	0
"Lønnstaker etter bosted"	"1851 Lødingen"	874	47	8	72	11	74	74	66	22	54	3	20	21	48	72	259	23	0
"Lønnstaker etter bosted"	"1852 Tjeldsund"	521	6	0	22	3	23	56	37	25	0	4	11	25	111	45	140	13	0
"Lønnstaker etter bosted"	"1853 Evenes"	537	3	0	17	6	69	43	53	22	6	3	11	27	56	40	170	11	0
"Lønnstaker etter bosted"	"1854 Ballangen"	943	39	34	33	45	100	118	57	20	3	6	37	35	45	70	278	23	0
"Lønnstaker etter bosted"	"1856 Røst"	219	0	0	58	0	16	17	21	9	3	0	0	7	18	16	51	3	0
"Lønnstaker etter bosted"	"1857 Værøy"	305	12	0	101	0	17	27	17	3	0	0	0	6	19	28	72	3	0
"Lønnstaker etter bosted"	"1859 Flakstad"	479	27	0	42	0	58	42	27	31	0	3	17	3	40	53	124	12	0
"Lønnstaker etter bosted"	"1860 Vestvågøy"	4957	116	29	340	62	593	665	246	165	31	17	180	169	249	509	1433	153	0
"Lønnstaker etter bosted"	"1865 Vågan"	4486	68	13	457	70	461	662	243	293	52	26	223	185	256	403	926	145	3
"Lønnstaker etter bosted"	"1866 Hadsel"	3621	59	37	446	53	301	317	248	77	49	16	108	132	182	390	1119	87	0
"Lønnstaker etter bosted"	"1867 Bø (Nordland)"	947	11	15	94	9	93	103	67	14	21	0	27	23	64	68	317	21	0
"Lønnstaker etter bosted"	"1868 Øksnes"	1914	59	32	293	15	149	251	114	51	18	6	112	29	84	153	512	36	0
"Lønnstaker etter bosted"	"1870 Sortland - Suortá"	4958	81	59	282	122	520	966	310	100	68	20	213	197	336	492	1067	122	3
"Lønnstaker etter bosted"	"1871 Andøy"	2032	31	9	116	37	159	225	109	74	12	10	108	37	404	211	457	33	0
"Lønnstaker etter bosted"	"1874 Moskenes"	406	30	3	40	7	54	33	26	47	0	3	13	3	13	26	95	13	0
"Lønnstaker etter bosted"	"1902 Tromsø"	40751	223	175	1338	423	3088	5094	2289	2014	1010	570	2495	1805	2688	5163	10935	1437	4
"Lønnstaker etter bosted"	"1903 Harstad - Hárstták"	11917	106	360	566	124	914	1754	661	470	155	90	581	507	1081	1008	3131	409	0
"Lønnstaker etter bosted"	"1911 Kvæfjord"	1269	34	12	49	10	100	153	71	31	14	6	51	41	74	143	433	47	0
"Lønnstaker etter bosted"	"1913 Skånland"	1282	33	11	132	19	123	144	71	35	12	4	29	51	109	137	333	39	0
"Lønnstaker etter bosted"	"1917 Ibestad"	540	66	4	35	5	45	40	48	17	0	3	12	6	28	46	176	9	0
"Lønnstaker etter bosted"	"1919 Gratangen"	444	36	3	38	6	43	36	18	6	3	0	8	11	41	39	131	25	0
"Lønnstaker etter bosted"	"1920 Loabák - Lavangen"	398	10	6	15	0	61	26	21	13	3	0	7	8	60	29	130	9	0
"Lønnstaker etter bosted"	"1922 Bardu"	2089	26	6	29	28	91	184	40	49	21	3	35	69	871	185	412	40	0
"Lønnstaker etter bosted"	"1923 Salangen"	984	48	6	51	12	94	106	25	21	15	0	30	33	84	132	305	22	0
"Lønnstaker etter bosted"	"1924 Målselv"	3450	51	10	194	41	262	364	123	130	30	9	60	111	1006	313	683	63	0
"Lønnstaker etter bosted"	"1925 Sørreisa"	1651	32	16	130	20	212	202	70	39	11	7	62	42	238	168	340	62	0
"Lønnstaker etter bosted"	"1926 Dyrøy"	478	28	5	56	3	41	38	24	9	3	0	14	19	36	46	146	10	0
"Lønnstaker etter bosted"	"1927 Tranøy"	604	55	6	36	14	47	79	29	10	6	3	19	6	34	59	189	12	0
"Lønnstaker etter bosted"	"1928 Torsken"	374	45	0	90	3	23	26	23	9	0	0	3	6	22	44	80	0	0
"Lønnstaker etter bosted"	"1929 Berg"	411	21	29	85	0	20	23	16	15	3	0	9	9	23	37	107	14	0
"Lønnstaker etter bosted"	"1931 Lenvik"	5377	200	34	518	68	494	775	309	178	56	36	194	180	324	572	1307	132	0
"Lønnstaker etter bosted"	"1933 Balsfjord"	2482	70	30	310	47	316	257	139	91	17	6	54	65	131	237	660	52	0
"Lønnstaker etter bosted"	"1936 Karlsøy"	899	33	7	105	9	90	87	87	6	3	6	20	17	62	68	285	14	0
"Lønnstaker etter bosted"	"1938 Lyngen"	1213	45	9	134	10	106	105	98	39	9	4	34	55	68	101	369	27	0
"Lønnstaker etter bosted"	"1939 Storfjord - Omasvuotna - Omasvuono"	824	23	11	38	20	97	63	45	33	4	0	19	35	93	77	231	35	0
"Lønnstaker etter bosted"	"1940 Gáivuotna - Kåfjord - Kaivuono"	901	49	5	25	5	152	86	41	17	5	3	42	12	71	98	256	34	0
"Lønnstaker etter bosted"	"1941 Skjervøy"	1339	67	16	280	12	105	90	61	35	7	7	20	80	74	118	346	21	0
"Lønnstaker etter bosted"	"1942 Nordreisa - Ráisa - Raisi"	2181	53	29	71	81	224	277	150	75	20	16	86	86	131	257	573	52	0
"Lønnstaker etter bosted"	"1943 Kvænangen"	511	10	12	49	13	31	54	35	9	0	3	13	18	41	43	174	6	0
"Lønnstaker etter bosted"	"2002 Vardø"	853	38	3	34	7	61	94	52	32	13	3	17	18	203	86	172	20	0
"Lønnstaker etter bosted"	"2003 Vadsø"	2794	8	11	42	66	203	350	111	100	49	21	123	102	667	265	571	102	3
"Lønnstaker etter bosted"	"2004 Hammerfest"	5439	97	461	255	101	365	530	365	214	42	27	143	279	391	477	1537	152	3
"Lønnstaker etter bosted"	"2011 Guovdageaidnu - Kautokeino"	1222	15	13	81	10	71	83	40	38	31	0	24	37	146	235	310	82	6
"Lønnstaker etter bosted"	"2012 Alta"	10121	281	177	435	228	1327	1416	541	348	197	58	438	385	556	1060	2298	373	3
"Lønnstaker etter bosted"	"2014 Loppa"	367	34	13	26	3	22	28	33	8	3	0	0	9	36	29	111	12	0
"Lønnstaker etter bosted"	"2015 Hasvik"	393	15	4	74	5	30	22	34	13	0	0	7	18	21	28	116	6	0
"Lønnstaker etter bosted"	"2017 Kvalsund"	400	18	19	13	6	54	44	32	9	3	3	7	4	30	30	114	14	0
"Lønnstaker etter bosted"	"2018 Måsøy"	464	37	8	84	10	20	54	28	17	0	0	6	6	32	33	118	11	0
"Lønnstaker etter bosted"	"2019 Nordkapp"	1374	76	4	133	34	100	161	110	74	13	3	30	81	112	149	259	35	0
"Lønnstaker etter bosted"	"2020 Porsanger - Porsángu - Porsanki"	1812	35	6	35	67	166	239	116	57	26	3	80	86	236	173	416	71	0
"Lønnstaker etter bosted"	"2021 Kárásjohka - Karasjok"	1264	33	3	44	11	94	96	23	52	106	3	30	36	132	175	380	46	0
"Lønnstaker etter bosted"	"2022 Lebesby"	546	80	0	31	16	52	63	10	13	6	0	9	8	46	47	148	17	0
"Lønnstaker etter bosted"	"2023 Gamvik"	464	17	0	120	10	26	36	42	13	0	0	7	31	23	29	97	13	0
"Lønnstaker etter bosted"	"2024 Berlevåg"	412	15	3	86	4	32	39	36	11	0	0	3	22	31	28	96	6	0
"Lønnstaker etter bosted"	"2025 Deatnu - Tana"	1286	23	43	67	43	95	137	90	33	14	4	38	38	98	175	359	29	0
"Lønnstaker etter bosted"	"2027 Unjárga - Nesseby"	359	14	6	9	7	27	24	20	14	3	0	3	9	47	39	119	18	0
"Lønnstaker etter bosted"	"2028 Båtsfjord"	1049	52	3	311	3	88	70	74	34	0	3	28	39	59	68	201	16	0
"Lønnstaker etter bosted"	"2030 Sør-Varanger"	5173	66	58	192	62	512	606	277	273	75	16	166	237	783	469	1239	142	0
